{
  "B1": [
    28.286860024935,
    15.589999999999995
  ],
  "B2": [
    16.940146354484,
    8.689999999999998
  ],
  "B2A": [
    22.224943924418998,
    18.759999999999998
  ],
  "B3": [
    29.89575553687,
    15.860000000000007
  ],
  "B4": [
    30.687495787688,
    18.68
  ],
  "B5": [
    13.086032241080002,
    8.09
  ],
  "I": [
    49.195195497744,
    43.60000000000001
  ],
  "MU": [
    18.2569905976,
    16.17
  ],
  "OS": [
    348.48002139052664,
    94.02999999999997
  ],
  "PUD": [
    16.1636032309,
    15.559999999999999
  ],
  "R0": [
    237.855791669,
    203.48999999999998
  ],
  "R1": [
    2749.1806846585505,
    1470.7500000000275
  ],
  "R2": [
    619.7130821318469,
    361.6500000000022
  ],
  "R3": [
    8.252451452477,
    4.560000000000001
  ],
  "R4": [
    19.38268697372,
    10.299999999999999
  ],
  "R5": [
    63.748790194731995,
    33.63999999999999
  ],
  "R6": [
    49.04620017827601,
    21.090000000000003
  ],
  "R7": [
    22.164221984022003,
    14.100000000000001
  ],
  "T": [
    0.762699282049,
    1.48
  ],
  "W": [
    113.3853279122,
    0
  ],
  "WATER": [
    110.372431819,
    0
  ],
  "zonemissing": {
    "016.0-0008-0002.0": [
      "O",
      0.14
    ],
    "016.0-0008-0003.0": [
      "O",
      0.14
    ],
    "016.0-0008-0004.0": [
      "O",
      0.14
    ],
    "016.0-0008-0005.0": [
      "O",
      0.14
    ],
    "016.0-0008-0006.0": [
      "O",
      0.14
    ],
    "026.A-0006-0018.0": [
      "b4",
      0.0
    ],
    "026.A-0006-0019.0": [
      "b4",
      0.0
    ],
    "045.A-0001-0009.0": [
      "r2",
      0.0
    ],
    "088.0-0001-0013.A": [
      "H",
      1.84
    ]
  },
  "zonenull": {
    "048.0-0008-0001.0": 0.91
  }
}
