{
  "B1": [
    [
      15.589999999999995,
      109044110
    ],
    15.589999999999998
  ],
  "B2": [
    [
      8.689999999999998,
      68324200
    ],
    8.689999999999996
  ],
  "B2A": [
    [
      18.759999999999998,
      132830200
    ],
    18.76
  ],
  "B3": [
    [
      15.860000000000007,
      150494800
    ],
    15.859999999999998
  ],
  "B4": [
    [
      18.68,
      121178100
    ],
    18.680000000000003
  ],
  "B5": [
    [
      8.09,
      75025600
    ],
    8.09
  ],
  "H": [
    [
      1.84,
      13446200
    ],
    1.84
  ],
  "I": [
    [
      43.60000000000002,
      132359300
    ],
    43.6
  ],
  "MU": [
    [
      16.17,
      77839500
    ],
    16.17
  ],
  "O": [
    [
      0.7000000000000001,
      2400000
    ],
    0.7000000000000001
  ],
  "OS": [
    [
      94.02999999999994,
      127031200
    ],
    94.02999999999999
  ],
  "PUD": [
    [
      15.559999999999999,
      7012400
    ],
    15.559999999999999
  ],
  "R0": [
    [
      203.48999999999998,
      556142662
    ],
    203.48999999999978
  ],
  "R1": [
    [
      1470.7500000000273,
      6439312947
    ],
    1470.7500000000186
  ],
  "R2": [
    [
      361.6500000000022,
      3613253960
    ],
    361.65000000000424
  ],
  "R3": [
    [
      4.560000000000001,
      54230400
    ],
    4.5600000000000005
  ],
  "R4": [
    [
      10.299999999999999,
      95670000
    ],
    10.3
  ],
  "R5": [
    [
      33.63999999999999,
      312674800
    ],
    33.63999999999999
  ],
  "R6": [
    [
      21.090000000000003,
      421732600
    ],
    21.090000000000003
  ],
  "R7": [
    [
      14.100000000000001,
      203414200
    ],
    14.1
  ],
  "T": [
    [
      1.48,
      2855100
    ],
    1.48
  ],
  "b4": [
    [
      0.0,
      1598700
    ],
    0.0
  ],
  "r2": [
    [
      0.0,
      421000
    ],
    0.0
  ],
  "zonemissing": {
  },
  "zonenull": {
    "048.0-0008-0001.0": 0.91
  }
}
