{
  "B1": [
    15.589999999999995,
    109044110
  ],
  "B2": [
    8.689999999999998,
    68324200
  ],
  "B2A": [
    18.759999999999998,
    132830200
  ],
  "B3": [
    15.860000000000007,
    150494800
  ],
  "B4": [
    18.68,
    121178100
  ],
  "B5": [
    8.09,
    75025600
  ],
  "H": [
    1.84,
    13446200
  ],
  "I": [
    43.60000000000002,
    132359300
  ],
  "MU": [
    16.17,
    77839500
  ],
  "O": [
    0.7000000000000001,
    2400000
  ],
  "OS": [
    94.02999999999997,
    127031200
  ],
  "PUD": [
    15.559999999999999,
    7012400
  ],
  "R0": [
    203.48999999999998,
    556142662
  ],
  "R1": [
    1470.7500000000275,
    6439312947
  ],
  "R2": [
    361.6500000000022,
    3613253960
  ],
  "R3": [
    4.560000000000001,
    54230400
  ],
  "R4": [
    10.299999999999999,
    95670000
  ],
  "R5": [
    33.63999999999999,
    312674800
  ],
  "R6": [
    21.090000000000003,
    421732600
  ],
  "R7": [
    14.100000000000001,
    203414200
  ],
  "T": [
    1.48,
    2855100
  ],
  "b4": [
    0.0,
    1598700
  ],
  "r2": [
    0.0,
    421000
  ]
}
